<?xml version="1.0" encoding="UTF-8"?>
    <addon id="repository.movies" name="XayTV" version="1.0.0" provider-name="cursed">
        <requires>
            <import addon="xbmc.addon" version="12.0.0"/>
        </requires>
        <extension point="xbmc.addon.repository" name="XayTV">
            <info compressed="false">https://raw.githubusercontent.com/cursedzz/repository.movies/_repo/addons.xml</info>
            <checksum>https://raw.githubusercontent.com/cursedzz/repository.movies/_repo/addons.xml.md5</checksum>
            <datadir zip="true">https://raw.githubusercontent.com/cursedzz/repository.movies/_repo/</datadir>
            <hashes>false</hashes>
        </extension>
        <extension point="xbmc.addon.metadata">
            <summary>MAKING LIFE EASIER</summary>
            <description>XayTV Is made by cursed</description>
            <platform>all</platform>
    </extension>
</addon>